ses_type,ses_id,tsk_id,spk_id,intensity_mean,pitch_mean,rate_syl
CONV,0,0,0,"(np.float64(-1.804283749263104), np.float64(0.21295366168322644), 2, np.float64(-2.0326251847574905))","(np.float64(0.2308257735888587), np.float64(0.8389131257850099), 2, np.float64(-0.8073511508028908))","(np.float64(-0.38573204783727083), np.float64(0.7368588215066575), 2, np.float64(-1.1215424815753363))"
CONV,1,0,0,"(np.float64(-1.804283749263104), np.float64(0.21295366168322644), 2, np.float64(-2.0326251847574905))","(np.float64(0.2308257735888587), np.float64(0.8389131257850099), 2, np.float64(-0.8073511508028908))","(np.float64(-0.38573204783727083), np.float64(0.7368588215066575), 2, np.float64(-1.1215424815753363))"
CONV,1,0,1,"(nan, nan, 0, nan)","(nan, nan, 0, nan)","(nan, nan, 0, nan)"
CONV,1,0,2,"(np.float64(-inf), np.float64(0.0), 1, np.float64(-2.9386091386385944))","(np.float64(-0.185543130990416), np.float64(0.8832077274967498), 1, np.float64(-0.9500210119186218))","(np.float64(-inf), np.float64(0.0), 1, np.float64(-1.41861057057743))"
CONV,1,1,0,"(np.float64(-1.804283749263104), np.float64(0.21295366168322644), 2, np.float64(-2.0326251847574905))","(np.float64(0.2308257735888587), np.float64(0.8389131257850099), 2, np.float64(-0.8073511508028908))","(np.float64(-0.38573204783727083), np.float64(0.7368588215066575), 2, np.float64(-1.1215424815753363))"
CONV,1,1,1,"(nan, nan, 0, nan)","(nan, nan, 0, nan)","(nan, nan, 0, nan)"
CONV,1,1,2,"(np.float64(-inf), np.float64(0.0), 1, np.float64(-2.9386091386385944))","(np.float64(-0.185543130990416), np.float64(0.8832077274967498), 1, np.float64(-0.9500210119186218))","(np.float64(-inf), np.float64(0.0), 1, np.float64(-1.41861057057743))"
