session_id,feature,n_targets,mean_sim_p,mean_sim_x,mean_lsim,entrained_count,t_stat,p_value
abc,intensity_mean,4,-1.8967499999999973,-1.3007500000000025,-1.5559540370829692,2,-0.536812317140637,0.6286546294779031
abc,pitch_mean,4,-12.68525000000001,-19.501250000000006,-0.6206429830005742,3,0.8873274590667761,0.44026137051521175
abc,rate_syl,4,-1.4599526343244595,-1.1490068024856965,-4.022814197658045,1,-0.9034338153634774,0.4328885536652387
