session_id,feature,n_targets,mean_sim_p,mean_sim_x,mean_sim_nrm,t_stat,p_value
abc,intensity_mean,4,-1.8967499999999973,-1.3007500000000025,-1.4581971939265759,-0.536812317140637,0.6286546294779031
abc,pitch_mean,4,-12.68525000000001,-19.501250000000006,-0.6504839433369659,0.8873274590667761,0.44026137051521175
abc,rate_syl,4,-1.4599526343244595,-1.1490068024856965,-1.2706214020370292,-0.9034338153634774,0.4328885536652387
