session_id,feature,n_pairs,r_value,p_value,dof
abc,intensity_mean,5,-0.4675860274039665,0.4271189609250601,3
abc,pitch_mean,5,0.031908349303758576,0.9593799229220366,3
abc,rate_syl,5,-0.31411406805239206,0.606735387400532,3
