session_id,feature,n_pairs,mean_dist_first,mean_dist_second,mean_con,t_stat,p_value,dof
abc,intensity_mean,1,3.6940000000000026,1.1495000000000033,2.5444999999999993,,,0
abc,pitch_mean,1,2.3230000000000075,20.77400000000003,-18.451000000000022,,,0
abc,rate_syl,1,2.376225036550116,1.20847828015433,1.1677467563957862,,,0
