session_id,feature,n_points,r_value,p_value,dof
abc,intensity_mean,5,0.6127390926974055,0.2718593963797458,3
abc,pitch_mean,5,-0.14763769307095626,0.8127069909770033,3
abc,rate_syl,5,0.9356199940461146,0.019418753929095978,3
